{"_runtime": 39.66386842727661, "_timestamp": 1598985314.4382925, "_step": 99, "metric": 104}
