{"_runtime": 33.63891649246216, "_timestamp": 1598985308.4133406, "_step": 99, "metric": 103}
