{"_runtime": 27.443111896514893, "_timestamp": 1598985302.217536, "_step": 99, "metric": 102}
