{"_runtime": 51.9229097366333, "_timestamp": 1598985326.6973338, "_step": 99, "metric": 106}
