{"_runtime": 45.794979095458984, "_timestamp": 1598985320.5694032, "_step": 99, "metric": 105}
