{"_runtime": 64.0430474281311, "_timestamp": 1598985338.8174715, "_step": 99, "metric": 108}
