{"_runtime": 10.773484706878662, "_timestamp": 1598985285.5479088, "_step": 99, "metric": 99}
