{"_runtime": 15.596986770629883, "_timestamp": 1598985290.3714108, "_step": 99, "metric": 100}
