{"_runtime": 57.95106220245361, "_timestamp": 1598985332.7254863, "_step": 99, "metric": 107}
