{"_runtime": 21.32725429534912, "_timestamp": 1598985296.1016784, "_step": 99, "metric": 101}
